Diagnosis Result,(모두),
File Extension,html,
,,
행 레이블,개수 : Split Time,개수 : MD5
2022-11-28T00:,431,431
2022-11-28T01:,299,299
2022-11-28T02:,75,75
2022-11-28T03:,1539,1539
2022-11-28T04:,59,59
2022-11-28T05:,68,68
2022-11-28T06:,1466,1466
2022-11-28T07:,333,333
2022-11-28T08:,488,488
2022-11-28T09:,523,523
2022-11-28T10:,600,600
2022-11-28T11:,597,597
2022-11-28T12:,552,552
2022-11-28T13:,506,506
2022-11-28T14:,727,727
2022-11-28T15:,464,464
2022-11-28T16:,351,351
2022-11-28T17:,59,59
2022-11-28T18:,217,217
2022-11-28T19:,160,160
2022-11-28T20:,287,287
2022-11-28T21:,151,151
2022-11-28T22:,159,159
총합계,10111,10111